X1,X2,y
0.5086070445804391,0.7938242446407497,0
1.0304017337701643,-0.47613739721763476,1
1.6749062337092033,-0.07672673468156704,1
-0.559780579406573,0.9614967105000867,0
1.9464472188295054,-0.21917725938302818,1
0.6011878725727621,-0.7062246244596573,1
0.6261088499490406,-0.6996911442864766,1
-0.14994555374567287,1.1555857027883873,0
1.550175994748871,0.35850605494736887,1
0.3117313471466937,1.1180893569245474,0
0.7303568188042191,0.9329178556869075,0
1.3922258007358053,-0.03847816836050988,1
-0.25507957316498586,0.5942752991871354,1
0.9832867690372138,-0.17114196422516198,1
1.8419338986714688,0.020606871249690795,1
0.17975154382484607,-0.44523689659139376,1
1.2775178058738839,-0.781809898574878,1
0.746607524083126,0.2936633416197725,1
-0.9417146938843644,0.3867080924968653,0
0.564904270056416,0.8382268854333699,0
0.08492099970005607,0.5991895667563198,0
0.836004195972461,0.33213658680997127,0
0.29472438507879867,0.635441893389264,0
1.4012721126166183,-0.31137843856066844,1
0.3364419909971036,0.8333328886283092,0
0.0007847030031017943,-0.5660651603980131,1
-1.3606617299652073,0.09310698804818962,0
0.3660367527948236,1.1073567797047583,0
0.5685302136968098,0.8074715119338812,0
0.2075678289588938,-0.18328406322120647,1
0.8583659997423081,-0.5718580248338819,1
0.17301158705924577,1.0488707159346706,0
0.4212710494060682,1.361410688147379,0
0.8482912731247197,-0.4353193370020791,1
-0.903251731112376,-0.4304962789718255,0
1.0584852217352672,0.6895002599790785,0
1.102708720930707,-0.2570125202702245,0
1.6612949744634857,0.07642348170814792,1
0.0008424988801969124,-0.32440285054200446,1
0.36198264739673314,-0.6861108283007196,1
0.550942112324974,-0.9006112025164072,1
2.3093911880145552,-0.6473524898206445,1
1.200195898017754,0.11095005457599383,1
0.20648664086309346,0.4150471441947017,1
0.06924754745944095,-0.14912536601219417,1
-0.976569780679111,0.9976762874680445,0
-0.04701074233187319,-0.5428070822927175,1
2.121888259693019,0.5395069553639559,1
0.9851246403865024,-0.5290620998019706,1
1.765982975287902,0.2932612662390505,1
1.3099645860836928,-0.2023151912598202,0
0.8714323811979668,-0.621623890077298,1
-0.6472271239748535,-0.11078488607340259,0
-0.14387811981514909,0.6167665306576984,0
1.1108214893367383,0.20166667096948915,1
2.2449181899353956,0.6130041540045512,1
0.15609951868588032,0.22132460651732486,1
0.12204487455004069,0.20812152543262666,1
1.0573841589157411,0.3754273529688247,0
1.3460491947091047,-0.743391916169774,1
0.11978423908956404,0.9436837564668347,0
1.7769892295282121,0.14908511317257664,1
0.40443726819443715,0.9336665556001844,0
-0.02730739185244968,-0.6432006362697038,1
0.3980269967063054,0.4943605600020142,0
0.596512459367315,0.15411779495937733,0
0.09985125409955181,0.03991627379341903,1
0.023192112036966136,-0.21227032286100828,1
-0.4897936679291085,0.773250254899253,0
-0.6778437182352115,1.220464003695114,0
-0.04094519057609544,1.5188890351873043,0
-0.6726362055807942,0.6381918285311805,0
0.06916144615293758,1.124257490354187,0
1.2673215097199246,-0.08248958477562097,1
-0.19094512826660465,1.2659092313190417,0
0.170672297781062,-0.22244103136027016,1
1.038381762131408,-0.698321421176544,1
1.6967614738506833,-0.13305182469159346,1
0.10781466292644584,1.3627562472029573,0
0.4393607148140889,-0.10454717054225691,1
0.799520168078472,-0.29598033798861134,1
0.05824067899791982,0.5484466915521546,0
1.5661503385175544,-0.38043888914643004,1
-0.4665615058656945,0.7940779906021036,0
1.6695866715074144,-0.05069650926579222,1
0.4466742115202298,0.6379923176015702,0
1.4895505202978547,-0.42275358493189713,1
0.3339480826804676,-0.20260567113330236,1
0.12009390413121984,1.3534436014718874,0
0.44310542917303436,0.593029155569994,0
0.3838255719317191,1.1344014811684644,0
-0.11218145874155197,0.7772877701185006,0
1.2268858593791507,-0.5933571827039331,1
1.2892279299704361,0.10292423172752241,1
-0.29285315989137006,0.07231459683719949,0
0.25401367459225865,0.3957632735383761,0
0.9097651942355663,-0.379925352394143,1
2.0843263385498116,-0.22191803970506008,1
2.1176059583170597,-0.5620318476965173,1
0.38092164092230685,0.8800737059959888,1
0.5985111671675207,-0.4048214954460867,1
0.26246694602304915,0.8906772160467739,0
2.655758274754313,0.4539481286140969,1
-0.7550281951598853,0.646676562785157,0
0.7374215866249351,-0.13139230122676682,1
1.6611862224866007,-0.7289071465908983,1
-0.37276472051155474,0.22492505693195514,0
-1.17674831080607,0.20017397229818004,0
-0.13061186533995686,0.22444682766966062,1
0.20376905801513392,0.5113490737142903,1
0.7268086254130961,-0.13931684993336702,1
0.3492705611381419,-0.351145382240322,1
0.7830944243165155,0.10240914536984125,0
1.6147800591608734,-0.6586979118990997,1
0.18780614637066112,-0.6213496201194629,1
0.5218399149219644,0.3393042421427429,0
0.9836896679280279,-0.643449909319302,1
0.041350104289501824,0.6343304253191092,1
0.6565027155540247,-0.43063914905104944,1
1.371798692887006,-0.13268257162356684,1
-0.5484605703898503,0.31860798050305666,0
-0.8705922235264112,-0.13897410035481153,0
2.346021530810694,0.5787283640127373,1
0.05952343931242904,-0.32734913248265785,1
-0.18285837218501289,0.6920792527021008,0
0.6185046534610694,0.6580677070903767,0
2.370157849360936,-0.32425809758657365,1
-0.9372487058483203,0.5588643036424148,0
0.27271048954394184,0.4116510119033647,0
1.6753405191815884,-0.7029974989703951,1
1.0855476769843186,-0.04377314873421417,1
1.3425838881883152,-0.30606123349585657,1
-0.32777457326344706,0.11552208900516947,1
1.0497644663898158,-0.46072771265138324,1
0.4401351416568601,-0.21636489088092975,1
0.8386295777369946,0.6124635393519027,0
0.43104106693089,0.7324032698022,0
-0.3621873024422654,0.13092407238553838,0
-0.39491170145812776,0.6429213451334277,0
0.8051477542393939,-0.3900182481355622,1
-1.320291658158883,0.39025421795078374,0
0.1474031913519614,1.3092430979093637,0
1.4538300641442332,0.48464638959095824,0
-0.1799928318805829,0.9180728713294241,0
0.11526442356089467,0.899904379363967,0
-0.9367821752877685,0.5729136645586743,0
-1.1488736208253303,-0.02234492678485256,0
-1.0746560470641568,0.755024281847108,0
2.0761980209963693,-0.5640004593604002,1
1.9762431044814575,-0.6257727337493816,1
0.1706489986822733,-0.6164801064699666,1
1.9950182815842323,-0.20225857114781087,1
-0.8985281192362544,0.449381143117831,0
-0.8294525530122858,0.5338173830426037,0
-0.716142236780865,0.5385190224032032,0
-0.6764062071787976,0.6411445472764296,0
-0.1805103314906195,1.1073043405472287,0
0.3910273997164436,0.1064418727136685,0
0.4611744892852917,1.0783638000503697,0
-1.9308104839982922,-0.07974568924831993,0
-0.3231236570153221,1.3366631621951393,0
0.6410171463828034,0.9133750704651702,0
-1.1467629512218531,0.4631041965073547,0
0.12087586179063792,-0.6476052003479443,1
-0.16337013901482972,0.7829785854536704,0
0.24112027418671353,1.014659893671448,0
0.8158297704426584,0.7468806433576253,0
-0.1952872846708513,1.107268612131525,0
2.251700068444869,0.06431146075758207,1
-0.5879731010046775,0.6208118537175439,0
0.5439412859233558,0.1306769865493578,1
-0.8537765355880894,0.7550017326495417,0
0.0023473249564055394,0.42801912498273365,1
1.2711715580789305,0.37307378442180616,1
-1.6056240450019454,-0.33214452685010953,0
1.0142499841647574,-0.05197211233783097,0
0.556023545889379,1.0438506061944026,0
0.5371876048035353,0.6049275482437573,0
0.7115639981056191,0.599464639427538,0
2.0841249497875523,0.5841744878861994,1
1.2731570466134245,-0.9582601062700344,1
-0.9805946452937697,0.6480774870945923,0
-0.704807570270759,0.8348562183340285,0
1.6057018529301401,0.014740906698104489,1
0.2250130711160518,1.2735915663025865,0
0.8398970216055677,0.8817527828991804,0
1.5656621754422373,-0.2790552057062706,1
1.0573062181279038,-0.5467396010473646,1
1.6381517547972673,-0.5994027145781401,1
0.7848121277241998,0.7466159453231026,0
-0.47057862604015166,0.27711810075173515,0
-0.883451973238745,0.4023964127376173,0
-0.01761959068560706,-0.0688336110524887,1
0.9374970109724805,0.3595650903424558,0
0.1971539996160971,0.23383275607190643,1
1.7583921763953556,-0.2574417490774612,1
1.1669057407416417,-0.17257788113539996,1
2.2160084101279556,-0.07485503680748232,1
0.6748650092986181,-0.05235554185728017,1
1.3445448717093829,-0.09015839870799042,1
0.2988051558513717,0.5483783031172347,0
1.9125315518461432,-0.1943309974596306,1
0.40523602570738787,-0.11907552352128847,1
1.6434851774742247,0.6864298683511099,1
0.005152598501324657,0.812940908542809,0
0.4702321902069067,0.05300624029812148,1
-0.08682095997777595,1.0859293937370924,0
-0.4104996416107769,0.40291848043637735,1
0.1901072401752249,0.543222796457991,1
2.019377572945408,-0.3367740537470939,1
-0.7361450713885045,0.9167426903274876,0
0.9409534093024289,-0.3719623827367046,1
-0.20884786991564439,1.123574604436135,0
0.8893268776642576,0.6866215723968314,0
1.4866553725565754,-0.04988674766797674,1
0.011045440850245003,1.4391830933999303,0
1.295333106364806,-0.44145947487917336,1
1.6352763496568965,-0.27241749224102463,1
-0.6965840777496245,0.698082270969369,0
0.36569801252773576,0.7298411416818581,0
2.0678914626297296,-0.27230819220664837,1
-1.149786460196382,-0.14397236459589163,0
2.0074352571562555,-0.2697796639092723,1
-1.1223627306617534,0.8478173726204039,0
2.1552801862127615,0.6879288084494475,1
-0.6317821714853481,0.7892773017195116,0
0.4996467728473814,0.5649914689041853,0
0.879923376078577,0.09630290370733309,0
2.5294645461080165,-0.0678251554035369,1
2.4241659160456788,-0.2225090456452936,1
1.3559880098061947,-0.6121171015727546,1
0.6289407510133486,-0.23986193105358256,1
-0.7367296727398895,0.9598708632579196,0
0.46853957565722903,-0.3138243256389552,1
0.9527706374972393,-0.29693421107439966,1
0.6790971147619176,0.2117068194999335,0
0.5835282879943061,-0.6967096308510572,1
0.4808130164432126,-0.7254600708176804,1
-0.059055719925182076,0.4246660303845465,1
0.33956593087385495,0.9061212804775322,0
0.1544512829615694,0.8094608897257645,0
-0.4293866030692531,1.0037111373896068,0
0.933944135833886,-0.7552632551293662,1
0.8344595444997346,-0.5286939352747857,1
0.4995510420130292,0.6723284096230011,1
2.510354809324228,0.18967801259164427,1
-0.010382544349248235,0.6699432741279745,0
0.19425132378821008,1.0441816938905975,0
-0.32066313740634395,0.5027034597340112,0
-1.0532198319747283,0.26058095702850675,0
0.458047685164956,-0.1527932213451958,1
0.7050931617382032,0.48339329198320063,0
2.223507264964709,-0.5286294985071736,1
-1.1130917036270398,0.02512191627654864,0
-1.1409155484488334,0.16556889772365393,0
1.030430988583255,-0.37401665634305037,1
-0.9157371169550957,0.18606205683282037,0
-0.3870011980417464,0.11744946662407174,0
-1.095484018065442,-0.08607411828122044,0
0.14719577027741182,0.5211014904334015,0
-0.07259714403565187,-0.3309571589712422,1
2.4319008843239307,0.5563977817334458,1
1.9636030451795188,0.10955537949636797,1
1.6025927117268615,0.2317652580298332,0
0.8926177127799381,0.43998794261171653,0
2.0892921348413185,-0.4996975385860827,1
-0.36156443697776114,0.20758277194444244,1
1.4009801201016991,-0.10119775390040592,1
0.8072082220680119,1.076602467642351,0
-0.705913950993447,0.5664053461841919,0
1.3069278004556195,-0.7147249204826087,1
0.19994297283416695,1.0946378242269672,0
-0.5942287368072212,0.9361696738162638,0
-0.7548859584228954,0.05881162400722502,0
0.6633779055573518,0.3306666828296785,0
0.9871120405501506,-0.6095259534438633,1
0.0545901002219229,0.7622925926408897,0
0.8018082204473895,0.6697638500897708,0
0.4926439031781925,1.3031309258650696,0
0.5697058582434005,-1.2758518573955029,1
0.07648689857451718,0.9975217268503334,0
0.7600939757785018,-0.30342206045968667,1
0.2925584079690148,0.7306527429239225,0
1.2278886192586094,-0.56751183013441,1
1.7671277077289727,0.0823180828086437,1
0.8806201447121725,0.8607759759365712,0
0.15347143514755085,0.9446375834422515,0
-0.18347682947032126,0.310004526373877,0
1.7709147739012514,-1.1209976411176317,1
1.100036524274729,0.19425181521970336,0
0.06271491913574499,0.4175861161732699,0
1.71517766744965,-0.043594188001470247,1
-0.6707100024120146,0.8715276873603841,0
1.6691319486906586,0.31102773312836407,1
-0.918573637054142,0.5850473379013277,0
1.7683903892050534,-0.12377119276047066,1
-0.397525997292473,0.23608989920579382,1
0.16992322563866996,0.43607595849842623,1
0.684472827211211,-0.25865483461509514,1
0.8297371357777196,0.3021041239025747,0
0.8925711778137361,0.3985665236744178,0
-0.5248730774765171,1.1872661510706326,0
0.6486864248287524,0.43432889742582576,0
2.077764468648104,0.05200500418949719,1
0.8596849829533839,1.0985632583646379,0
0.5130349414143466,1.222322340216015,0
0.8006885401338324,-0.48309826384110427,1
1.8394844141665865,-0.37054850198298006,1
1.2577944590780126,-0.5543799127673883,1
-0.5992388101442279,0.361168178945192,0
0.705037716067751,-0.8323176381451358,1
0.9664640152200464,-0.48937363112758087,1
-0.13538606005756504,0.23622643854481495,0
0.04727203123979271,0.9698999940485504,1
1.600124951095459,0.47944355984690584,0
1.0753328023651514,-0.21635750149985405,0
0.37013911642988495,0.44940718238899907,1
1.3519380583782494,0.46795501630349257,1
0.180313384184852,0.037649420111553006,1
0.3636057206629708,-0.3563049688840224,0
0.7918774280422602,-0.42122140541225445,1
1.701289598645683,-0.10748988358146078,1
0.3853229091140586,-0.22268058613627173,1
-0.98057034656661,1.1102240648061978,0
0.9003087011090019,0.7603539470604191,0
0.7655964300419464,-0.6099739805408491,1
2.0148324253535232,0.5772893482235552,1
0.3121191337070728,1.0150327196698279,0
1.5543303933562227,-0.0889214838911549,1
1.6753466866595474,0.4136427552706883,1
-0.11179236644838042,0.69554478771893,0
-0.5410565589705081,0.941728143972029,0
1.125832282979328,-0.9385185076211962,1
0.04558327673054352,0.6518708310711951,0
1.073024247786658,-0.5803907810451717,1
-0.17168289650076027,0.5468229842398591,1
0.9207756663183294,0.27748126803158196,0
-1.0831610453503375,0.7736805049991564,0
0.5572605176029551,-0.6357408521857322,1
1.2338305655247266,-0.5652167396402774,1
-0.7511518372530616,0.298749479207441,0
1.0746482207581485,-0.37150528909278807,1
-0.7413031840846382,-0.2240002769593088,0
0.11183724686368168,1.1189234551390024,0
0.22807020116546656,0.06764378183864087,1
1.9207087848783395,-0.15116548835997728,1
-0.14534982095630278,0.11350960502214791,1
1.2160699943093554,-0.28349418110105273,1
0.27031193196659664,-0.09294242495876097,1
1.0489075856050578,-0.17247843633033078,1
-0.4477920060751765,0.3093167223702621,0
-0.582569676545004,0.8380560626441214,0
0.8676910962696512,-0.015899446762658864,0
1.3699492679361063,-0.886980728767373,1
1.5430408921370538,0.6543943687169964,1
0.11295015577170209,1.0211554453704934,0
0.01864263803304425,1.0460263378649493,0
-0.8602292769795767,0.5832859149660513,0
1.120214658600449,0.5057083112105776,0
0.7222641393880171,-0.11108209056206444,1
2.1101580727175153,1.071288414612464,1
2.1655975841493107,-0.040927096963258955,1
0.565702654991325,-0.5523838907705052,1
0.4965121823485072,1.067735555428006,0
0.7574020824942399,1.2023256318251316,0
-0.9957282720205137,-0.29965114584792746,0
0.9676160508949847,0.8407932962816731,0
-0.7446669614181987,-0.1444873519789484,0
-0.7635699360938527,0.029355377570934246,0
1.2484948081083458,0.17889096201076493,0
-0.9996055171019504,0.0990098105262519,0
0.7072871759021123,-0.7237148290498419,1
-0.89197037423207,-0.1089236968560982,0
0.4532474597317572,-0.8606417058134795,1
1.4796290768962397,-0.216886225255912,1
-0.8306251213310616,0.33270035024645994,0
1.3543108702941455,-0.4858990664165734,1
1.450445459406031,-0.4605650116784185,1
0.6215030620874198,-0.8073153348280864,1
0.6793716104074211,-0.37365372253550333,1
-0.5681777512724044,0.8329074994060242,1
-0.8590909223403221,0.1187972553126092,0
0.7895101254403383,0.6159710870315621,0
1.6770420211265855,0.19222449159547875,1
-0.6846951198106526,0.22245575824456926,0
0.36606048865625807,0.04812007482308395,1
0.7977382795730652,-0.9009697992685383,1
-1.4169626774119082,0.1780119993490716,0
-1.1762144691469887,-0.09253970245969075,0
0.3692810038216943,0.8683203941838203,0
-0.6566213361425517,0.5472490206228384,0
0.7122665627202143,0.3765512089531304,0
-0.18472367594014003,0.17534439716483277,1
2.0073770917391762,0.097500329170019,1
1.9444805119474686,0.8415919414332036,1
0.3812932648997933,1.2784204915134882,0
0.06372198844836088,-0.26143751560083206,1
1.3700538734162655,-0.35447335721873724,1
-0.6514894673665393,0.8581036193955734,0
-0.9127068929053272,0.9277206285455604,0
-0.03645688716393273,0.19384572781088938,1
-0.6443324596818691,0.9928585266700004,0
1.4020485954107493,-0.7444212222350222,1
-0.06836979002044927,0.3497806255444153,1
-0.1027969387450029,0.05133408479452195,1
0.7521907694194965,0.25430120193065686,0
0.4850168910402606,-0.22698147842100078,1
1.0588753391999701,-0.6311583645693533,1
0.556516910008086,0.7366890943337957,0
0.19119037991836563,-0.4553444034757618,1
0.7076429013503529,-0.7787188596561679,1
-0.48319196449679885,0.9480587686711349,0
1.7116490627330714,0.03369561582509928,1
0.6860886518401557,0.26746252937671794,0
-0.36961744822729775,0.9944422944211055,0
0.4634080748768744,1.406746293921937,0
-0.35978825729767794,0.4322003358705847,0
1.5957310584103168,-0.30881287433385657,1
-0.39982550472599443,0.36718361786507503,1
0.704541660053256,0.0764779374968203,0
0.8075427460809028,0.41991423688228463,0
0.10756086753717078,1.3977981099681114,0
0.9029541741205835,-0.10851016904674082,0
-0.3316201086524685,1.0169317631133896,0
1.9773026738728283,0.65306267065837,1
-1.0344864106707128,0.16832424905298746,0
0.18631683458900092,1.1452370914508165,0
1.9685287555799893,-0.10640620368552861,1
-0.2919408616690338,0.31791891050132715,0
0.41147090457221214,1.5882668703324478,0
0.5780621213736559,-0.4569451591858985,1
0.6452402988597561,0.7030825733193085,0
2.145268905223027,0.5535901738581255,1
0.12733487420164621,0.21000393853827307,1
-0.7412426741623044,0.2964881249934602,0
-0.8254661476952718,0.7756966156269989,0
-0.12396107181565857,-0.5133505463946004,1
0.3648692782104637,1.1974451953305043,0
-0.22718938974292083,1.3030438177499388,0
0.4005132205551467,0.7259042843866716,0
0.8597840345089972,-0.8027671741876017,1
1.6067912773911228,-0.19419182158409287,1
1.1133985900369248,-0.33327606478523153,1
-0.4520028711059075,0.31015365489969526,1
1.7279013309320326,-0.05265355678489643,1
2.099513237806276,-0.4480988596467155,1
1.49855379727218,-1.0173152579481526,1
0.6183553693910491,0.22664693427607052,0
1.9209500572466698,0.3721085836396556,1
0.3186919762015978,1.355346743765932,0
0.9805719800928298,0.26469118489014953,0
0.785815041049873,-0.8107978929835937,1
-0.10574409084990717,1.1092178931656727,0
0.9007866480411982,-0.823536713696444,1
0.76646654754558,0.5346676677016942,0
1.1022422701772085,-0.7012546137964237,1
1.7089321711931165,0.3916217602036929,1
0.9351835093514383,-1.1695626072924519,1
-0.05032704732352626,-0.07064665664443942,1
0.14566258971988338,-0.14132249540521433,1
1.8297397757640586,0.19098608865252997,1
-1.1431204207950616,0.6231535651737047,0
0.2129568118636156,-0.16618381101646545,1
0.03782052685953523,0.9724915355112931,0
1.1014207070291255,0.27546911205226077,0
0.6641075375947687,0.8438716015299097,0
-1.099646605315424,0.925868221269297,0
0.8568510717578799,0.7220715784410967,0
1.768122646343995,0.22020320776182623,1
2.20526349622673,-0.16498961959293268,1
0.6804450619261355,0.4097039609873706,0
-0.4911469725444561,0.7859252759760202,0
0.4171424891233572,-0.36815450979355147,1
0.3245834204040464,1.2591131835922895,0
1.6661840995051926,0.44642085250068764,1
1.548762290795444,-0.28681159122373484,1
-0.5787216615979731,1.235508228664302,0
0.2925876394436327,0.6460600101495501,0
-1.139287906711229,0.6407414558410378,0
1.7787560795531823,-0.2899895466087754,1
-0.7977767730660605,1.118005460442191,0
-0.6878157171523722,1.2448689238062185,0
0.7667249418635486,1.191979381392268,0
-0.8216394049195899,0.8151195309001742,0
2.1931459399860342,-0.19477287524571496,1
0.9855863336543965,-0.553725340134593,1
1.0021176319286789,-1.162491537302019,1
-1.2275938686236703,0.5522582609206822,0
0.3484925052873532,0.3192292928102489,1
0.8317293743026166,0.5083161167159039,0
-1.352560297379208,-0.16993337046148244,0
0.7478775047987701,0.8447844837680493,0
-0.7238926604941754,0.8509476072983082,1
-0.9760603124070306,0.3876734658307024,0
1.1260312968617934,0.3348054623978414,0
0.4532247008995537,1.1309625769910223,0
0.6892927837429054,1.0290377098689336,0
0.43881752029670057,0.3918484679295972,1
1.1687513160881657,-0.18230569219900614,1
0.40855736965772604,-0.28516697676597924,1
-0.24810872270703643,0.5642183547856782,0
0.8178997981266343,-0.4449320030088786,0
1.7392462320227513,0.4204952445748337,1
1.034231688121807,-0.4741290538273185,1
0.9724263156000729,-0.510473872313925,1
-0.38515120839940337,0.8740625479251563,0
0.2976500255890887,-0.05829079742167728,1
1.3738304445972824,-0.08881107639152558,0
0.2944925487210685,-0.08848497348800752,1
0.5059419519786637,-0.8294550476412377,1
-0.06389297455031775,0.04192310861412607,1
0.6252934557261294,0.3513540933286883,0
-0.7051265992326881,0.582576598662828,0
0.9840682079022418,-0.7831317069663268,1
1.2907988126011891,-0.6259848149630722,1
1.838303247067722,0.3158039724057854,1
0.47699244085060477,1.1601557859675204,0
2.604048309298915,0.25584627151267053,1
-0.7679531775061129,0.6441252429458139,0
0.7570200442893391,-0.3774275324216762,1
1.0591672060200616,0.44181552759232906,0
1.6483228974883428,0.218658022207379,1
0.4685520288702478,1.0323135522512994,0
0.5988448787526279,1.0165329943596202,0
-0.4450611883216353,0.9169375386244271,0
-0.6189965136927349,0.8541583745076237,0
0.46511563766448455,0.2671476592450302,0
0.395824182173366,0.49258508820654967,0
0.38262382278638085,0.3226687078659908,0
-0.04783841314716142,0.2959333191673359,1
-0.21723483242717379,-0.05926051540559313,1
-0.3223597597577037,1.2602289316762603,0
0.3836945536103103,0.5498901567564803,0
1.802029829038571,-0.6287375188012821,1
0.723709100873382,-0.7667381637853912,1
0.9489960496916202,0.8637275260424085,0
2.0589189948304254,-0.21065450093812038,1
0.7813331230720522,0.805910637919615,0
2.0446037636179852,-0.14602976794274858,1
0.9335889171091214,0.017397475970418547,0
1.794960780161772,-0.07863701650326424,1
-1.1491933034544386,0.2653400878249854,0
1.0358129852593096,0.6043524150466646,0
0.7592078541410924,0.8606544331356265,0
0.2357977305949371,0.9576173575478,0
-0.6609282706514814,0.47706664966924417,0
0.8130757448452051,0.5634380590394396,0
0.18832093255396892,0.9221773872946468,0
0.3309398567810198,1.1587021803033248,0
0.5357179108127683,0.12940978419640614,0
1.1119640116182703,-0.04416641381745243,0
0.9821541221952798,-0.6532748490268125,1
0.002641710268843911,-0.30009692114580594,1
-0.8887095996237144,-0.12548486532716502,0
1.6821330702715875,-0.4372441402943362,1
0.0771907306741676,0.35919134911808087,0
0.3236070690057411,-0.6269575973170496,1
-0.023740089691014203,0.924878876829731,0
2.267722214970748,0.7175411866519863,1
1.0047691761854152,0.39909311038300294,0
0.11785964711823813,0.35012347532190147,1
2.063086716856105,0.3299933226070291,1
1.3993519149475426,0.6974698716722024,0
0.8717477211596605,0.4098547632539289,0
0.03161000389011974,0.36220759382579865,1
0.6945905932524647,0.16912074241370986,0
-1.2878561070494956,0.34152377533542244,0
0.487777899573668,-0.3733923240763071,1
2.588117774533012,-0.21638801855997114,1
0.6873776307198736,0.6312910877362068,0
0.9706861590477659,-0.09882651674660642,0
2.5550813957780436,0.9384620264523389,1
0.5505445069584729,0.08477272978790856,1
-0.7101200989773783,0.9129490377885894,0
0.7123523428309882,0.2088258533468026,0
-1.4325016807558293,-0.13799995446596094,0
1.4263546611129674,-0.6164697487738927,1
1.1429130542122838,0.5017485110752875,0
-1.1500692244254886,0.2621246403380083,0
-0.04810915782551398,0.8701889725014477,0
1.3691174025297999,-0.5039352719944639,1
0.26925409336034667,0.3606891748372222,1
0.07588737913198942,0.003985421233396791,1
1.3949505036115086,0.21714582518256897,1
0.08085199646759567,-0.1294504240528036,1
0.0989052891414258,0.15156560156595933,1
0.03488152134074474,0.8441823511319885,0
1.2954548148266096,-0.2571227185742777,1
-0.436563283030106,0.9905568773925377,0
1.90085558159433,-0.6849712374716102,1
0.35630002244807424,1.251799692593187,0
-0.6770545407945898,0.6143838732260831,0
0.19771060382026476,-0.7493078781598177,1
-1.30477306148723,0.14340360620802967,0
-0.5288405515103685,-0.2795568285870558,0
0.4571192751319188,0.26459437017512577,1
0.038523604533832106,-0.3083323159299223,1
0.09928793446808583,0.5068779461465492,1
1.4604902335302774,0.7000101075971035,1
-0.007994699024818752,0.7535639102045972,0
1.5641160580156912,-0.8390438596069956,1
1.438103071166772,-0.5586430720623387,1
-0.22554541809800432,0.4064070485507895,1
0.08566710760921438,0.5357864911141866,1
-0.02043657437526851,0.3351288753084629,0
1.143308399330237,-0.46459418822576454,1
-1.0639095949954411,0.2930690875006986,0
0.6321467754673196,-0.4551695816614748,1
0.5343718736577343,1.073757584324827,0
0.8951115806286571,1.723670802880592,0
-1.082111861960057,0.7769304053794468,0
-0.1405751996890509,0.6461992382544948,0
1.5626989984806814,-0.0765162789293626,1
0.38402033613706577,-0.3170774390139153,1
1.285963141497227,-0.20198626150562915,1
-0.16302351976302765,0.41711551610819597,1
0.2850056828779303,0.2187842478108558,1
-0.08149794423818932,-0.6053404247948825,1
-1.0828253448679135,0.7435839076491091,0
0.36394663080848894,0.9894078002360849,0
1.472109576972687,0.05431301565223229,1
1.8906739601402431,0.41240181692794214,1
0.2439270158452598,0.1324758916994587,1
-0.17504449993464374,0.6270286779435297,0
1.3315018784871588,-0.6733549289478094,1
2.0280692712443504,-0.29117052127764254,1
0.13549691135841485,-0.18694185309480402,1
-0.13240037709092473,0.7047296867857409,0
1.8665349067424395,-0.603974605458262,1
-0.6013703999024531,-0.1282637253578112,0
0.4267581415592679,-0.2193607043564908,1
0.27496533155177205,0.6987828558553916,0
0.7847338840644342,-0.279475626835634,1
0.762473939024898,0.16272218651289763,0
-0.4886373608490683,1.0136785860608652,0
0.17430140639852823,-0.7777706733393821,1
-0.8375296263174435,0.8993480042462172,0
-0.15111446512601986,0.9582796541125423,0
-0.315215500590551,1.1142299539099447,0
0.6060513618137616,0.6100713947205094,0
0.9096038201563387,-0.4074402543237995,1
2.249254286538049,-0.1612935212080071,1
-1.5887902651049062,-0.13778920209209408,0
0.611193084146601,-0.3868425621547431,1
-1.2115730681778698,-0.027426596452692964,0
0.3989633720583054,-0.4658696333508274,1
0.7299255202320069,0.3816069050689241,0
-0.5653155418788025,0.5585674865929885,0
0.029773042394386193,0.2978831284947891,1
-0.964949803513267,0.6623927002170314,0
-1.146587929062199,0.2891889486874244,0
0.41046401918031394,0.8447462787470571,0
-0.11825472505471506,0.9840449812836464,0
0.8578345628672447,-0.08652495907941932,1
1.941560022653726,-0.040406091074377176,1
0.7014996177957076,1.1681005664673605,0
-0.05504515341342053,1.2087347928188197,0
-0.33781032375985554,-0.32757964571374654,1
0.15763927010436807,0.9299920835508082,0
-0.7900513819166848,1.245719615901407,0
-0.10091203314636824,-0.0037844056610364663,1
1.4525050480254784,-0.489307089074145,1
1.9812386249654224,-0.1280232841560544,1
-0.790622993555627,0.1748867265578924,0
0.35777058707927667,0.616665955005681,0
0.27019268532575447,1.2020805929819045,0
-0.011674832554656567,-0.48224129382443787,1
0.23902139690654878,0.9498419790937778,0
-1.0923573186365267,0.7604891503119198,0
0.8932323876965063,-0.6000557854997728,1
1.0825337500469532,0.057188406682466386,1
0.8140929860729038,0.11571915285289719,0
0.85495885543915,-0.08308553232222694,0
0.9496108802900158,0.25114100647741133,1
1.2855403330932245,-0.19600882402366915,1
0.06266514601060966,0.42138570340045056,1
0.24700184889748167,0.9875375400179526,0
0.23994524391840938,1.1221166661628996,0
-0.8511227211973825,1.1935711516689578,0
0.5499561912746906,0.006077181608938387,1
2.0120941333698212,-0.01608016025955944,1
1.3626640083233696,0.07867033625043673,1
1.88581903461871,-0.08250286634942877,1
-0.6108978545413428,0.555444644635941,0
1.9938972814388967,0.08066097473189034,1
0.06905026244262788,-0.4357994181758053,1
0.6337780351091071,1.287869143888139,0
-0.5239421304047339,0.5825253150748482,0
-0.6191812817278208,0.735981388526105,0
-0.5864123551405126,1.394349089309156,0
0.7418890619279621,0.7389665478204718,0
0.6524515994391334,-0.2639440399713073,1
-0.22834769987520062,0.689453532399551,0
1.8285955273904577,-0.13202561431484108,1
0.9257340953863025,-0.2995199164969714,0
1.442801868849628,-0.5559879926055679,1
0.6003459224033866,0.07235354260993268,1
0.8303664690041996,-0.8975563507690885,1
-0.030377733463959687,0.32166897386712423,1
-1.324078798014471,0.4681952130616224,0
1.1107808789342606,1.3949786405367717,0
1.0078814319285863,-0.8665916920379946,1
0.7424110251157015,0.4456601017202399,0
1.0664623469743673,0.28495778327964905,0
0.09013450289626497,1.2558552544706796,0
2.29742895312119,-0.14241933579767027,1
-0.011099482597004134,1.523962087951721,0
-0.40658851254394235,0.335392972067072,1
-0.6625846960146825,0.4670187614211871,0
-0.31929068523931226,0.6349415305896249,0
0.5328061573835954,-0.8368904254798689,1
0.7091395774014232,0.21755767965380352,0
0.22839945597233768,1.307389879253058,0
-1.0353608652146424,0.9859627129081306,0
0.7175240763243068,-0.7813573281576381,1
0.9810287834515549,-0.539529275780548,1
-0.6706660821031147,1.3412070987014546,0
1.09252444374744,0.5377902376804417,0
-0.18327140549921428,0.8375057217770591,0
1.0664569545144393,0.658240513889623,0
0.31973895103232225,0.044240083856834145,1
0.4894146032032526,-0.36615098263438145,1
-0.13280972075294864,0.7107265512456631,1
0.6873897032591301,-0.41768280355865695,1
0.12648129682394826,0.6632410835679927,1
1.2838025187854285,-0.7767732972256225,1
0.7978517051650789,0.6357770838387774,0
1.2518930449901222,-0.3508660596686191,1
0.1329140503131722,1.1480541395238113,0
0.2165238923382236,-0.8122611674858533,1
1.026308853845541,0.3383125647431425,0
-0.4253301609038165,1.0613649954837012,0
2.3985094138767753,-0.3125109441611664,1
0.029065522760261146,0.9250104354247011,0
-0.9792164956090854,0.43844631664801265,0
-0.7489660786697707,0.6586615415547712,0
0.5930573572192233,1.029292822067411,0
2.1104945554520196,0.9800411177849243,1
1.6154420410196708,-0.4639089586962239,1
0.8493807800801335,-0.020154055578035568,0
-1.4627776530934986,-0.43497501825321827,0
2.4378505715164214,0.222996544764212,1
0.41849304051702874,0.1818779420469558,1
1.2910560064842218,-0.7944838156314515,1
1.2966563375619058,0.60652739136156,0
0.6005167605456809,0.12796458101779762,0
-0.38942488749220633,0.5086259261862203,0
0.2044930545990172,-0.49315675781565266,1
-0.17048256909919113,0.9141379186213664,0
2.168590371567842,0.6742126629117424,1
1.8179954942070466,-0.950350834798496,1
0.7456025365934281,-0.5715261433438588,1
1.5332241902496624,0.04129468198103428,1
0.5151048360371239,0.3818158050186702,0
-0.08361769987583983,-0.5197365085751582,1
1.501412642806219,-0.7074910235351861,1
-0.7776793245680244,0.9876579721099972,0
2.019534914953619,-0.09144055152893521,1
-0.3637903690909409,0.2651681035276193,1
0.8736654958628849,0.5086689626985109,0
0.5709979268665968,-0.07326256659236605,1
-0.9250192241349036,1.0959656381150928,0
0.0852582354075538,1.1710131377361055,0
0.47041485065141964,0.6972881055509169,0
-0.7398105972763334,0.20390077507387638,0
-1.0807111513134542,0.4756392309769313,0
0.7044486751419685,-0.7315080980179729,1
0.7457971555390936,0.6931384325273492,0
-0.4509789005822271,0.8394901998823738,0
-0.09793828607820798,0.807766731113795,0
0.8096494707123316,0.47749872086248946,0
1.8017641660721189,0.07081816430268323,1
0.2551058190148272,0.5279266133876629,0
1.6010819499918256,-0.4215401189298584,1
1.3188087483915096,0.12919371218885478,1
1.0680660774265938,-0.3272832614375265,1
-1.087241119592123,0.8920070167514232,0
1.8619748728930885,0.06872741998515368,1
0.5184455571777047,0.404936863797272,0
1.02609224610503,-0.07611082518420104,1
-0.654081097425947,0.6641879386239107,0
0.8931983158818894,0.6399744298795937,0
-1.04458373941796,0.24445744437690153,0
1.0606493248272764,-0.319248700693842,1
1.263962229794307,-0.3938157250778733,1
-0.8938586805277121,0.49918817510382063,0
0.5848907777760438,0.7233040566324459,0
1.035566189015446,-0.011632263393986264,0
1.1652862625751872,0.08581752362670533,0
1.4445431171413683,0.8440773504982009,0
1.8800740958180846,-0.618450946391751,1
1.9549339596667044,0.5289050791542349,1
-0.27036069199279,-0.432941570027087,1
-0.14351035129099618,0.7425163832222914,1
0.274756459806443,0.8039145757668805,0
-0.20398673956213265,0.6313919498549992,0
-0.9324222373135111,0.512159226273154,0
-0.5491219452601082,0.6054065644816898,0
-0.542759781259027,0.18129059796726493,0
0.18366745989026878,-0.41906329261858816,1
1.0749706714460503,0.23767641152488966,0
1.9604455879924811,-0.3455944022299229,1
1.654970236695648,-0.3524710571792075,1
-0.08713542371915728,0.20327819288401883,0
-0.3408489149210048,0.5902297911104064,0
0.5532709734867676,0.995337754654439,0
1.4546426793818306,-0.08895789513110017,1
0.9910246811766612,-0.8435580779659582,1
1.5482184561849046,-0.11353858855815019,1
0.3655008596337655,-0.07080344743756095,1
-0.411183493956246,0.6384433616802169,0
2.3940828948629114,0.09224926479435783,1
2.0111700607991865,0.09806244713172103,1
0.3389933409734789,0.3785664251424169,1
1.2186012625329932,-0.5832862736477679,0
0.7749883358630518,0.3239497672880459,0
1.9025124234147412,0.28034970311868834,1
-0.6216683216329518,1.3037500211570796,0
-0.3711176971677203,0.5803004830232902,1
2.007569171923314,0.6308639794524424,1
0.27265946648047196,-0.7876796714807774,1
1.0861710811648153,-0.5824408859949707,1
0.31431834372694734,-0.12984747481163103,0
-1.1355810559668835,0.15706386079876422,0
1.981226956643682,0.548631064707255,1
-0.5657026952282089,0.2529307073465087,0
1.3651194117800518,0.16380214534576998,1
1.6401630564256782,0.2224128867578846,1
1.4753948178664367,0.5608495436205945,1
1.6684232755262076,-0.5234885469216599,1
-0.032453226044057204,-0.1617938702974375,0
-0.5400534626668714,-0.16775357620414608,1
-0.6176059143893817,0.23102830706592342,0
0.7400791988639248,-0.00831205613130298,0
-0.6713022843872912,0.7219012134174672,0
-0.48020021331231766,0.7980571786727431,0
1.1384236088998176,0.6771501109436813,0
-1.0256554616246685,0.06843801455061241,0
0.6348794030544664,0.8114315611382003,0
1.0777894553471223,-0.5076030791208571,1
0.39443947457736106,1.1737831079600083,0
1.5041252663803035,0.3354334139176905,1
0.20821004834128987,-0.6005507260674966,1
2.215743510120363,0.17486300037973723,1
0.33253653173314573,-0.2737975469492139,1
0.4609885909633473,0.8611849842788446,0
0.3875312388296174,0.14124361309561106,1
-0.1467405785922134,0.07293135778268206,1
2.3812840941593785,0.7005864476951402,1
0.5437775940483567,0.5626167773736209,0
1.963578867331409,0.011028104396040683,1
0.4831877393003503,0.24800420319886857,1
0.22920135776262723,0.6513605728220287,0
-1.2153319434335064,0.5383548217000631,0
2.082071171540932,0.37519038484192435,1
-0.00875380466157201,0.2469708492643798,1
1.6163941437982725,0.43885696261800955,0
-0.10643792814808115,0.5719760239324796,1
0.7136467625406151,-0.6574090376321537,1
0.900536661959455,-0.5117702975981606,1
0.5007085411894712,-0.29000698298534,1
-0.04306538106266672,0.8482038531097416,0
-0.677472515702499,0.3401807367147438,0
0.7764237979153816,1.184426117792842,0
0.8456382181193568,-0.6053221523783853,1
1.8329811100899545,-0.052413501385729755,1
1.6497748766856999,-0.12268353088911643,1
0.34390298673454767,0.09866615240874574,0
-1.096901103054872,0.867088966967891,0
0.20285878856829076,-0.5483288447150012,1
0.025014726790639763,-0.21639517881134662,1
1.5950211623185018,-0.41088583085104785,1
0.9769650159420764,0.43217559970463293,0
0.6768044790562541,-0.4484215122147469,1
-0.9364592742580762,1.045013146350818,0
-0.8560238667970368,0.8672753448963382,0
0.7314466855821825,-0.6807098867522542,1
-1.6336760460051993,0.4558913887839102,0
1.5144031384644774,0.597399220038998,0
1.042065564106299,-0.41602482335748586,1
0.5146886556790666,-0.42650886904575414,1
1.6840647468873369,-0.21685666724210526,1
0.45291529577543654,0.5908271386681381,1
0.6824696783095854,-0.1792757861005856,1
-0.9474658688441986,0.30466015116261164,0
0.025911445463122962,1.3714876835267162,0
1.217793628130171,-0.4837268246544147,1
1.2279548903134432,-0.33344096093112296,1
2.011564718914181,0.9744771369240093,1
1.3754091099959633,-0.22641846009814942,1
2.3808112465940625,0.4316405632758966,1
-0.04998284215693155,-0.03559513434226802,1
-1.1653782641768322,0.3106044052875265,0
0.835226151403836,0.7651941487873659,0
2.048807337011631,0.0448563182081715,1
1.2232367136078066,0.26085204301961495,0
1.0660038778682344,0.4416243196748091,0
0.7827084466052956,-0.3497650513763064,1
-0.6987981243787806,0.6607899596173272,0
-0.5765595552795034,0.6615351363428392,0
1.6722761028392645,0.6261866187120282,1
0.8877475616235885,0.5725826083619026,0
0.9878339932773776,0.11876719209467855,0
2.4399239869370177,0.012878265172612369,1
0.8829273279968562,0.38870907466962445,0
1.6548728175286815,-0.5139424838451789,1
1.367423311619158,-1.038051112990002,1
0.2893662095230972,-0.45488650807678466,1
-0.5740388637533257,0.9634409381131296,0
1.001486373431709,0.558821681558337,0
1.2632910396915866,-0.4906335513813704,1
0.1602851542247854,0.520135481141242,0
1.006679623987388,-0.34346696205085714,1
-0.03990308130879722,0.1723575981343408,1
1.886635716675516,-0.9921660228785572,1
-1.0826384718048536,0.19162274335804558,0
-0.354375428287475,0.38111612073671935,1
1.3892305944976737,-0.9395084320826007,1
0.592927495454338,0.48484706254026294,1
1.2172740171130787,0.9322476722678097,0
1.8747105174571117,0.5341295805669921,0
-1.499445651694629,-0.28996571832880574,0
-1.1387250048354318,0.12217993211445509,0
1.0804338655741939,-0.6220102355823792,1
-0.2900606767957497,0.9659175189330251,0
2.172925207633452,-0.8519591825247174,1
0.24809196770330993,-0.73218274955688,1
-0.18289761266958732,0.2810370188321322,1
1.4365041631982975,-0.3461178007087464,1
2.275010780367814,0.5570120869189114,1
0.9466224612900069,-0.15095053285076032,1
2.2843525330187235,-0.13596475783532472,1
-0.6131876731908537,0.993574156541743,0
1.2934562961601097,-0.4234494393731587,1
-0.07008654948149817,0.132954524211651,0
1.7457719791446267,0.7034041294442052,1
1.1731573576800698,-0.29670831001589637,1
-0.038192862896882354,1.0663099005195387,0
-0.13773185192149742,0.3951347301583553,1
2.4405782158268425,0.18560439984567506,1
-1.2489441457495507,-0.24391429062887943,0
0.13604512758026788,-0.26577833906514037,1
2.093581096569032,0.1668766656407525,1
0.8337108046402151,0.2664008451545652,1
0.12714687607192254,0.09320795636607274,1
0.0893346986902536,0.7899998568900044,0
0.0006743731233430639,1.5211146648419671,0
2.015194065483076,0.5262162114622055,1
0.6622687621189075,0.4936821980307371,0
0.7058543195788609,0.14612511013722917,0
0.11959201557899012,1.0127010745040987,0
-0.12725801903907533,-0.7224238787757981,1
-0.09415621542483271,0.06469098956809904,1
-0.918113932067495,0.20791561349933568,0
0.6383091133827825,0.05995664942988474,0
0.969049003119388,0.7829738364779155,0
0.10718046236984857,0.9147265417653598,0
-0.07736490668244056,1.1317320283543695,0
-1.1693569477619132,-0.310555822267879,0
-0.6221790477158659,0.8904321904097854,0
0.7067867355839602,-0.39681843549144413,1
0.6075574322298342,0.5826551926375972,0
-0.06037820708150432,1.2575793851205115,0
-0.8467631979836625,1.1594259907114324,0
0.025766116185900363,0.9977212098469216,0
1.3066536007103542,-0.11430456082560214,1
0.25312287673066086,0.1792738729798254,1
-0.18479926309834074,-0.1716833434186379,1
0.3931617503214701,0.01664620759327201,1
-0.48787101227696505,0.9218412127924525,0
1.1774461168970882,0.05566132314478672,0
1.5148906421717032,-0.3348203309212741,1
2.3707584411187184,-0.21260177599821595,1
1.2862074223844089,-0.5902387945886228,1
1.0243761636692579,0.6146361284247656,0
0.7073635244465427,0.8671612788622777,0
0.80583800249244,-0.17961753710244566,1
1.634269343878079,0.08741113552289959,1
-0.2227200766563211,-0.009971516782704276,1
0.7988804232120077,0.7223415259824225,0
-1.2521452480543345,0.867173021671895,0
0.947607095547652,-0.5539531082309515,1
0.09584577410769299,1.1184088544813777,0
1.557124379468238,-0.6395344875562685,1
0.5823708010173028,0.08831549412822792,0
1.4554822703332908,-0.7809618243487011,1
-0.06476347949480174,-0.06299488801287315,1
0.11876048501923057,-0.31948212593099257,1
-1.5316174983042183,0.465933271083644,0
0.6731044628439955,-0.5195171885199236,1
-0.12559857887163905,1.3719210207074004,0
-1.160882493577116,1.183303202824689,0
1.244439573206928,0.045665113879840125,0
-1.1162745803036316,-0.13889744654579286,0
-0.25475722901752124,0.7167565596651844,0
0.19612625978231532,0.4918499595193274,1
0.5088635541833392,0.2976285573418703,1
-0.6869041937117681,0.3244200947850735,0
0.09508394193556688,0.05299932608156982,1
0.7828581612836584,0.9169002031483602,0
